accession_no,form,filing_date,rep_pd_date,file_name,n_positions,n_equity
0001752724-19-177847,NPORT-P,2019-11-25,2019-09-30,IVV_0001752724-19-177847.xml,508,505
0001752724-20-038725,NPORT-P,2020-02-27,2019-12-31,IVV_0001752724-20-038725.xml,508,505
0001752724-20-112027,NPORT-P,2020-06-01,2020-03-31,IVV_0001752724-20-112027.xml,508,505
0001752724-20-176909,NPORT-P,2020-08-27,2020-06-30,IVV_0001752724-20-176909.xml,509,505
0001752724-20-247818,NPORT-P,2020-11-25,2020-09-30,IVV_0001752724-20-247818.xml,508,505
0001752724-21-040719,NPORT-P,2021-02-25,2020-12-31,IVV_0001752724-21-040719.xml,508,505
0001752724-21-116363,NPORT-P,2021-05-27,2021-03-31,IVV_0001752724-21-116363.xml,508,505
0001752724-21-186201,NPORT-P,2021-08-26,2021-06-30,IVV_0001752724-21-186201.xml,508,505
0001752724-21-255857,NPORT-P,2021-11-24,2021-09-30,IVV_0001752724-21-255857.xml,508,505
0001752724-22-046281,NPORT-P,2022-02-25,2021-12-31,IVV_0001752724-22-046281.xml,508,505
0001752724-22-122805,NPORT-P,2022-05-26,2022-03-31,IVV_0001752724-22-122805.xml,508,505
0001752724-22-193652,NPORT-P,2022-08-25,2022-06-30,IVV_0001752724-22-193652.xml,508,505
0001752724-22-268673,NPORT-P,2022-11-28,2022-09-30,IVV_0001752724-22-268673.xml,506,503
0001752724-23-039243,NPORT-P,2023-02-24,2022-12-31,IVV_0001752724-23-039243.xml,506,503
0001752724-23-123220,NPORT-P,2023-05-26,2023-03-31,IVV_0001752724-23-123220.xml,506,503
0001752724-23-191503,NPORT-P,2023-08-25,2023-06-30,IVV_0001752724-23-191503.xml,506,503
0001752724-23-264277,NPORT-P,2023-11-22,2023-09-30,IVV_0001752724-23-264277.xml,506,503
0001752724-24-043113,NPORT-P,2024-02-27,2023-12-31,IVV_0001752724-24-043113.xml,506,503
0001752724-24-123331,NPORT-P,2024-05-28,2024-03-31,IVV_0001752724-24-123331.xml,506,503
0001752724-24-194289,NPORT-P,2024-08-27,2024-06-30,IVV_0001752724-24-194289.xml,506,503
0001752724-24-269943,NPORT-P,2024-11-26,2024-09-30,IVV_0001752724-24-269943.xml,507,504
0001752724-25-043800,NPORT-P,2025-02-27,2024-12-31,IVV_0001752724-25-043800.xml,506,503
0001752724-25-119791,NPORT-P,2025-05-27,2025-03-31,IVV_0001752724-25-119791.xml,508,504
0001752724-25-210389,NPORT-P,2025-08-28,2025-06-30,IVV_0001752724-25-210389.xml,508,504
0002071691-25-007634,NPORT-P,2025-11-26,2025-09-30,IVV_0002071691-25-007634.xml,507,503
0002071691-26-015790,NPORT-P/A,2026-07-13,2025-09-30,IVV_0002071691-26-015790.xml,507,503
0002071691-26-004238,NPORT-P,2026-02-25,2025-12-31,IVV_0002071691-26-004238.xml,507,503
0002071691-26-012459,NPORT-P,2026-05-28,2026-03-31,IVV_0002071691-26-012459.xml,507,503
0002071691-26-019760,NPORT-P,2026-08-25,2026-06-30,IVV_0002071691-26-019760.xml,508,503
